# date	time	size	url
2017-08-23	10:28:13	13500	/media/thumbnail/fd1140af02.jpg
2017-08-24	00:00:00	10	/media/thumbnail/fd1140af03.jpg
2017-08-24	10:28:13	13500	/media/thumbnail/fd1140af04.js
2017-08-24	10:28:14	100	/media/thumbnail/fd1140af05.jpg
2017-08-24	10:28:15	1000	/media/thumbnail/fd1140af02.jpg
2017-08-24	10:28:17	13500	/media/thumbnail/fd1140af02.png
2017-08-24	23:59:59	10000	/media/thumbnail/fd1140af03.jpg
2017-08-25	01:00:00	100000	/media/thumbnail/fd1140af02.jpg
2017-08-26	10:28:13	13500	/media/thumbnail/fd1140af06.jpg
2017-08-27	10:28:13	13500	/media/thumbnail/fd1140af02.jpg